Workbook

Sheet Cơ sở dữ liệu virus
A1: Mã loại | B1: Tên mã độc | C1: Mô tả | D1: Mức độ mặc định
A2: MDL_1023 | B2: Emotet | C2: Banking Trojan (Mã độc đánh cắp thông tin ngân hàng) | D2: Cao
A3: MDL_2045 | B3: Lokibot | C3: Info Stealer (Mã độc đánh cắp thông tin định danh) | D3: Trung bình
A4: MDL_3099 | B4: Cobalt Strike | C4: Penetration Tool (Công cụ xâm nhập và điều khiển từ xa) | D4: Cao
A5: MDL_9999 | B5: Khác | C5: Adware / Cảnh báo thăm dò cổng dịch vụ thông thường | D5: Thấp

Sheet Nhật ký hệ thống
A1: STT | B1: Thời gian | C1: Nguồn (IP) | D1: IP đích | E1: Loại mã độc (ID) | F1: Mức độ tại Log | G1: Tên mã độc (VLOOKUP+TRIM) | H1: Mô tả loại mã độc (VLOOKUP+TRIM) | I1: Mức độ chuẩn (VLOOKUP+TRIM)
A2: 1 | B2: 2024-05-20 08:15:23 | C2: 192.168.1.10 | D2: 10.0.0.5 | E2: MDL_1023 | F2: Cao | G2: =IFERROR(VLOOKUP(TRIM(E2),'Cơ sở dữ liệu virus'!$A$2:$D$5,2,FALSE()),"Không xác định") -> Emotet | H2: =IFERROR(VLOOKUP(TRIM(E2),'Cơ sở dữ liệu virus'!$A$2:$D$5,3,FALSE()),"Không xác định") -> Banking Trojan (Mã độc đánh cắp thông tin ngân hàng) | I2: =IFERROR(VLOOKUP(TRIM(E2),'Cơ sở dữ liệu virus'!$A$2:$D$5,4,FALSE()),"Không xác định") -> Cao
A3: 2 | B3: 2024-05-20 08:17:11 | C3: 192.168.1.23 | D3: 10.0.0.8 | E3: MDL_2045 | F3: Trung bình | G3: =IFERROR(VLOOKUP(TRIM(E3),'Cơ sở dữ liệu virus'!$A$2:$D$5,2,FALSE()),"Không xác định") -> Lokibot | H3: =IFERROR(VLOOKUP(TRIM(E3),'Cơ sở dữ liệu virus'!$A$2:$D$5,3,FALSE()),"Không xác định") -> Info Stealer (Mã độc đánh cắp thông tin định danh) | I3: =IFERROR(VLOOKUP(TRIM(E3),'Cơ sở dữ liệu virus'!$A$2:$D$5,4,FALSE()),"Không xác định") -> Trung bình
A4: 3 | B4: 2024-05-20 08:21:02 | C4: 192.168.1.10 | D4: 10.0.0.12 | E4: MDL_3099 | F4: Cao | G4: =IFERROR(VLOOKUP(TRIM(E4),'Cơ sở dữ liệu virus'!$A$2:$D$5,2,FALSE()),"Không xác định") -> Cobalt Strike | H4: =IFERROR(VLOOKUP(TRIM(E4),'Cơ sở dữ liệu virus'!$A$2:$D$5,3,FALSE()),"Không xác định") -> Penetration Tool (Công cụ xâm nhập và điều khiển từ xa) | I4: =IFERROR(VLOOKUP(TRIM(E4),'Cơ sở dữ liệu virus'!$A$2:$D$5,4,FALSE()),"Không xác định") -> Cao
A5: 4 | B5: 2024-05-20 09:05:40 | C5: 192.168.1.45 | D5: 10.0.0.8 | E5: MDL_2045 | F5: Trung bình | G5: =IFERROR(VLOOKUP(TRIM(E5),'Cơ sở dữ liệu virus'!$A$2:$D$5,2,FALSE()),"Không xác định") -> Lokibot | H5: =IFERROR(VLOOKUP(TRIM(E5),'Cơ sở dữ liệu virus'!$A$2:$D$5,3,FALSE()),"Không xác định") -> Info Stealer (Mã độc đánh cắp thông tin định danh) | I5: =IFERROR(VLOOKUP(TRIM(E5),'Cơ sở dữ liệu virus'!$A$2:$D$5,4,FALSE()),"Không xác định") -> Trung bình
A6: 5 | B6: 2024-05-20 09:42:18 | C6: 192.168.1.19 | D6: 10.0.0.15 | E6: MDL_9999 | F6: Thấp | G6: =IFERROR(VLOOKUP(TRIM(E6),'Cơ sở dữ liệu virus'!$A$2:$D$5,2,FALSE()),"Không xác định") -> Khác | H6: =IFERROR(VLOOKUP(TRIM(E6),'Cơ sở dữ liệu virus'!$A$2:$D$5,3,FALSE()),"Không xác định") -> Adware / Cảnh báo thăm dò cổng dịch vụ thông thường | I6: =IFERROR(VLOOKUP(TRIM(E6),'Cơ sở dữ liệu virus'!$A$2:$D$5,4,FALSE()),"Không xác định") -> Thấp
A7: 6 | B7: 2024-05-20 10:14:09 | C7: 192.168.1.10 | D7: 10.0.0.5 | E7: MDL_1023 | F7: Cao | G7: =IFERROR(VLOOKUP(TRIM(E7),'Cơ sở dữ liệu virus'!$A$2:$D$5,2,FALSE()),"Không xác định") -> Emotet | H7: =IFERROR(VLOOKUP(TRIM(E7),'Cơ sở dữ liệu virus'!$A$2:$D$5,3,FALSE()),"Không xác định") -> Banking Trojan (Mã độc đánh cắp thông tin ngân hàng) | I7: =IFERROR(VLOOKUP(TRIM(E7),'Cơ sở dữ liệu virus'!$A$2:$D$5,4,FALSE()),"Không xác định") -> Cao
A8: 7 | B8: 2024-05-20 11:30:55 | C8: 192.168.1.32 | D8: 10.0.0.20 | E8: MDL_2045 | F8: Trung bình | G8: =IFERROR(VLOOKUP(TRIM(E8),'Cơ sở dữ liệu virus'!$A$2:$D$5,2,FALSE()),"Không xác định") -> Lokibot | H8: =IFERROR(VLOOKUP(TRIM(E8),'Cơ sở dữ liệu virus'!$A$2:$D$5,3,FALSE()),"Không xác định") -> Info Stealer (Mã độc đánh cắp thông tin định danh) | I8: =IFERROR(VLOOKUP(TRIM(E8),'Cơ sở dữ liệu virus'!$A$2:$D$5,4,FALSE()),"Không xác định") -> Trung bình
A9: 8 | B9: 2024-05-20 13:12:44 | C9: 192.168.1.50 | D9: 10.0.0.12 | E9: MDL_3099 | F9: Cao | G9: =IFERROR(VLOOKUP(TRIM(E9),'Cơ sở dữ liệu virus'!$A$2:$D$5,2,FALSE()),"Không xác định") -> Cobalt Strike | H9: =IFERROR(VLOOKUP(TRIM(E9),'Cơ sở dữ liệu virus'!$A$2:$D$5,3,FALSE()),"Không xác định") -> Penetration Tool (Công cụ xâm nhập và điều khiển từ xa) | I9: =IFERROR(VLOOKUP(TRIM(E9),'Cơ sở dữ liệu virus'!$A$2:$D$5,4,FALSE()),"Không xác định") -> Cao
A10: 9 | B10: 2024-05-20 14:50:01 | C10: 192.168.1.23 | D10: 10.0.0.8 | E10: MDL_2045 | F10: Trung bình | G10: =IFERROR(VLOOKUP(TRIM(E10),'Cơ sở dữ liệu virus'!$A$2:$D$5,2,FALSE()),"Không xác định") -> Lokibot | H10: =IFERROR(VLOOKUP(TRIM(E10),'Cơ sở dữ liệu virus'!$A$2:$D$5,3,FALSE()),"Không xác định") -> Info Stealer (Mã độc đánh cắp thông tin định danh) | I10: =IFERROR(VLOOKUP(TRIM(E10),'Cơ sở dữ liệu virus'!$A$2:$D$5,4,FALSE()),"Không xác định") -> Trung bình
A11: 10 | B11: 2024-05-20 16:08:33 | C11: 192.168.1.61 | D11: 10.0.0.25 | E11: MDL_9999 | F11: Thấp | G11: =IFERROR(VLOOKUP(TRIM(E11),'Cơ sở dữ liệu virus'!$A$2:$D$5,2,FALSE()),"Không xác định") -> Khác | H11: =IFERROR(VLOOKUP(TRIM(E11),'Cơ sở dữ liệu virus'!$A$2:$D$5,3,FALSE()),"Không xác định") -> Adware / Cảnh báo thăm dò cổng dịch vụ thông thường | I11: =IFERROR(VLOOKUP(TRIM(E11),'Cơ sở dữ liệu virus'!$A$2:$D$5,4,FALSE()),"Không xác định") -> Thấp
A12: 11 | B12: 2024-05-20 18:22:10 | C12: 192.168.1.10 | D12: 10.0.0.5 | E12: MDL_1023 | F12: Cao | G12: =IFERROR(VLOOKUP(TRIM(E12),'Cơ sở dữ liệu virus'!$A$2:$D$5,2,FALSE()),"Không xác định") -> Emotet | H12: =IFERROR(VLOOKUP(TRIM(E12),'Cơ sở dữ liệu virus'!$A$2:$D$5,3,FALSE()),"Không xác định") -> Banking Trojan (Mã độc đánh cắp thông tin ngân hàng) | I12: =IFERROR(VLOOKUP(TRIM(E12),'Cơ sở dữ liệu virus'!$A$2:$D$5,4,FALSE()),"Không xác định") -> Cao
A13: 12 | B13: 2024-05-20 20:05:49 | C13: 192.168.1.28 | D13: 10.0.0.8 | E13: MDL_2045 | F13: Trung bình | G13: =IFERROR(VLOOKUP(TRIM(E13),'Cơ sở dữ liệu virus'!$A$2:$D$5,2,FALSE()),"Không xác định") -> Lokibot | H13: =IFERROR(VLOOKUP(TRIM(E13),'Cơ sở dữ liệu virus'!$A$2:$D$5,3,FALSE()),"Không xác định") -> Info Stealer (Mã độc đánh cắp thông tin định danh) | I13: =IFERROR(VLOOKUP(TRIM(E13),'Cơ sở dữ liệu virus'!$A$2:$D$5,4,FALSE()),"Không xác định") -> Trung bình

Sheet Báo cáo an ninh
A1: Mã loại | B1: Tên mã độc | C1: Mức độ | D1: Số lượng cảnh báo | E1: Tỷ lệ (%)
A2: MDL_1023 | B2: Emotet | C2: Cao | D2: 312 | E2: =D2/$D$6 -> 0.25
A3: MDL_2045 | B3: Lokibot | C3: Trung bình | D3: 645 | E3: =D3/$D$6 -> 0.51682692
A4: MDL_3099 | B4: Cobalt Strike | C4: Cao | D4: 186 | E4: =D4/$D$6 -> 0.14903846
A5: MDL_9999 | B5: Khác | C5: Thấp | D5: 105 | E5: =D5/$D$6 -> 0.084134615
A6: TỔNG CỘNG | B6: Tổng cảnh báo toàn hệ thống | C6: Tất cả | D6: =SUM(D2:D5) -> 1248 | E6: =SUM(E2:E5) -> 1
